<?xml version="1.0" encoding="utf-8"?>
<selector xmlns:android="http://schemas.android.com/apk/res/android" >
    <item android:state_pressed="true" >
        <shape android:shape="rectangle"  >
            <corners android:radius="70dip" />
            <stroke android:width="1dip" android:color="@color/buttonColor" />
            <gradient android:angle="-90" android:startColor="@color/buttonColor" android:endColor="@color/buttonColor"  />
        </shape>
    </item>
    <item android:state_focused="true">
        <shape android:shape="rectangle"  >
            <corners android:radius="70dip" />
            <stroke android:width="1dip" android:color="@color/buttonColor" />
            <solid android:color="@color/buttonColor"/>
        </shape>
    </item>
    <item>
        <shape android:shape="rectangle"  >
            <corners android:radius="70dip" />
            <stroke android:width="1dip" android:color="@color/buttonColor" />
            <gradient android:angle="-90" android:startColor="@color/buttonColor" android:endColor="@color/buttonColor" />
        </shape>
    </item>
</selector>